Input_Set,Lookback,Horizon,MAE,RMSE,MAPE,sMAPE,NRMSE,Directional_Accuracy,AUHE,Train_Time_sec,Inference_Time_sec,Num_Parameters,Model_Size_MB,FLOPs
FULL,63,5,50.29412841796875,65.98711477558517,2.0222481340169907,2.0386701449751854,0.05725563032766739,0.471547125074096,8.11901893466711,87.01241707801819,0.0003212434274178964,6021,0.022968292236328125,34576.0
