Input_Set,Lookback,Horizon,MAE,RMSE,MAPE,sMAPE,NRMSE,Directional_Accuracy,AUHE,Train_Time_sec,Inference_Time_sec,Num_Parameters,Model_Size_MB,FLOPs
FULL,22,5,42.64318084716797,55.717691819032,1.7423532903194427,1.7433768138289452,0.048345070133498806,0.4882491186839013,6.990158278495073,104.37376046180725,0.00032930297123353035,4709,0.017963409423828125,26704.0
