Input_Set,Lookback,Horizon,MAE,RMSE,MAPE,sMAPE,NRMSE,Directional_Accuracy,AUHE,Train_Time_sec,Inference_Time_sec,Num_Parameters,Model_Size_MB,FLOPs
FULL,22,1,28.84326171875,36.68638866502466,1.1782406829297543,1.1792555451393127,0.03183200861006132,0.5044117647058823,0.0,120.44390869140625,0.000327839900393493,4641,0.017704010009765625,26640.0
