Input_Set,Lookback,Horizon,MAE,RMSE,MAPE,sMAPE,NRMSE,Directional_Accuracy,AUHE,Train_Time_sec,Inference_Time_sec,Num_Parameters,Model_Size_MB,FLOPs
FULL,10,10,56.12205505371094,75.46729100556578,2.2869590669870377,2.2988511249423027,0.06548138202658957,0.486874908344332,20.682626543566585,398.06318974494934,0.0015605985244348253,4410,0.01682281494140625,24480.0
