Input_Set,Lookback,Horizon,MAE,RMSE,MAPE,sMAPE,NRMSE,Directional_Accuracy,AUHE,Train_Time_sec,Inference_Time_sec,Num_Parameters,Model_Size_MB,FLOPs
FULL,22,63,127.4561538696289,164.23754352499614,5.155219882726669,5.235419049859047,0.14250546536062894,0.49200433982735037,319.43812146782875,48.66061019897461,0.0003238606417515657,5695,0.021724700927734375,27632.0
