Input_Set,Lookback,Horizon,MAE,RMSE,MAPE,sMAPE,NRMSE,Directional_Accuracy,AUHE,Train_Time_sec,Inference_Time_sec,Num_Parameters,Model_Size_MB,FLOPs
FULL,10,63,124.1764144897461,161.07857287865758,5.023572966456413,5.101216211915016,0.13976448373525613,0.49457148913120275,311.53492787852883,271.3704574108124,0.0015447917960871576,5311,0.020259857177734375,25328.0
