Input_Set,Lookback,Horizon,MAE,RMSE,MAPE,sMAPE,NRMSE,Directional_Accuracy,AUHE,Train_Time_sec,Inference_Time_sec,Num_Parameters,Model_Size_MB,FLOPs
FULL,22,10,57.098236083984375,76.40042794791793,2.316010743379593,2.3311028257012367,0.06629104448761179,0.4743721545013952,20.93861778266728,965.5319819450378,0.0038970840134809723,4794,0.01828765869140625,26784.0
