Input_Set,Lookback,Horizon,MAE,RMSE,MAPE,sMAPE,NRMSE,Directional_Accuracy,AUHE,Train_Time_sec,Inference_Time_sec,Num_Parameters,Model_Size_MB,FLOPs
FULL,63,1,30.68913459777832,39.04656549997387,1.2538027949631214,1.2537399306893349,0.03387988373928109,0.4874074074074074,0.0,144.10661458969116,0.00032561347329404934,5953,0.022708892822265625,34512.0
