Input_Set,Lookback,Horizon,MAE,RMSE,MAPE,sMAPE,NRMSE,Directional_Accuracy,AUHE,Train_Time_sec,Inference_Time_sec,Num_Parameters,Model_Size_MB,FLOPs
FULL,63,10,59.49894332885742,80.16628226692316,2.440246380865574,2.4377400055527687,0.06955859666274058,0.4850868081317703,22.03479241579771,73.15780282020569,0.000326681561569078,6106,0.02329254150390625,34656.0
