Input_Set,Lookback,Horizon,MAE,RMSE,MAPE,sMAPE,NRMSE,Directional_Accuracy,AUHE,Train_Time_sec,Inference_Time_sec,Num_Parameters,Model_Size_MB,FLOPs
FULL,10,22,75.635498046875,100.45308003770964,3.097197599709034,3.1027523800730705,0.08716102318753383,0.4893531806955477,65.1746241375804,312.70259642601013,0.0010227992496126374,4614,0.01760101318359375,24672.0
