Input_Set,Lookback,Horizon,MAE,RMSE,MAPE,sMAPE,NRMSE,Directional_Accuracy,AUHE,Train_Time_sec,Inference_Time_sec,Num_Parameters,Model_Size_MB,FLOPs
FULL,10,5,40.91607666015625,53.8015219093812,1.66978407651186,1.6719415783882141,0.04668244798374793,0.4718804920913884,6.70386478304863,175.33003950119019,0.00033196348746035843,4325,0.016498565673828125,24400.0
