Input_Set,Lookback,Horizon,MAE,RMSE,MAPE,sMAPE,NRMSE,Directional_Accuracy,AUHE,Train_Time_sec,Inference_Time_sec,Num_Parameters,Model_Size_MB,FLOPs
FULL,10,1,27.576702117919922,35.55786917894371,1.1217810213565826,1.1251360177993774,0.030852814713682866,0.5153733528550513,0.0,458.05287075042725,0.0014992771092911213,4257,0.016239166259765625,24336.0
