Input_Set,Lookback,Horizon,MAE,RMSE,MAPE,sMAPE,NRMSE,Directional_Accuracy,AUHE,Train_Time_sec,Inference_Time_sec,Num_Parameters,Model_Size_MB,FLOPs
FULL,22,22,77.40213012695312,101.99741016166783,3.2192591577768326,3.1861141324043274,0.08850100966182545,0.4797482760929236,67.52424100413918,88.69091200828552,0.0003181156950600895,4998,0.01906585693359375,26976.0
