Input_Set,Lookback,Horizon,MAE,RMSE,MAPE,sMAPE,NRMSE,Directional_Accuracy,AUHE,Train_Time_sec,Inference_Time_sec,Num_Parameters,Model_Size_MB,FLOPs
FULL,63,22,88.79389953613281,115.29537474460977,3.5613324493169785,3.618345782160759,0.10003936833776768,0.47443431273218506,74.91902522742748,79.06328892707825,0.00033633528280045623,6310,0.02407073974609375,34848.0
