Input_Set,Lookback,Horizon,MAE,RMSE,MAPE,sMAPE,NRMSE,Directional_Accuracy,AUHE,Train_Time_sec,Inference_Time_sec,Num_Parameters,Model_Size_MB,FLOPs
FULL,63,63,138.452392578125,183.95716425638335,5.506743863224983,5.706401541829109,0.15961576449379733,0.48391242265587814,341.5992423892021,76.90512704849243,0.0003302326088008852,7007,0.026729583740234375,35504.0
